[{"id_pregunta":1,"enunciado":"¿Cuántos elementos hay si cuentas 2 objetos?","id_materia":1,"valor_estandar":5,"valor_norm":0.0},{"id_pregunta":2,"enunciado":"¿Cuántos elementos hay si cuentas 9 objetos?","id_materia":1,"valor_estandar":5,"valor_norm":0.0},{"id_pregunta":3,"enunciado":"¿Cómo se escribe en palabras el número 8?","id_materia":1,"valor_estandar":5,"valor_norm":0.0},{"id_pregunta":4,"enunciado":"¿Cuántos elementos hay si cuentas 9 objetos?","id_materia":1,"valor_estandar":5,"valor_norm":0.0},{"id_pregunta":5,"enunciado":"¿Cuántos elementos hay si cuentas 4 objetos?","id_materia":1,"valor_estandar":5,"valor_norm":0.0},{"id_pregunta":6,"enunciado":"¿Cuál de los siguientes pertenece al conjunto de frutas?","id_materia":1,"valor_estandar":5,"valor_norm":0.0},{"id_pregunta":7,"enunciado":"¿Cuál de los siguientes pertenece al conjunto de figuras geométricas?","id_materia":1,"valor_estandar":5,"valor_norm":0.0},{"id_pregunta":8,"enunciado":"Selecciona el numeral que corresponde a seis.","id_materia":1,"valor_estandar":5,"valor_norm":0.0},{"id_pregunta":9,"enunciado":"Si el minutero está en el 12 y la manecilla de la hora en el 7, ¿qué hora es?","id_materia":1,"valor_estandar":5,"valor_norm":0.0},{"id_pregunta":10,"enunciado":"¿Cuál de los siguientes pertenece al conjunto de frutas?","id_materia":1,"valor_estandar":5,"valor_norm":0.0},{"id_pregunta":11,"enunciado":"Si una mesa mide 9 pasos y una banca mide 8 pasos, ¿cuál es más larga según una unidad no estándar?","id_materia":1,"valor_estandar":5,"valor_norm":0.0},{"id_pregunta":12,"enunciado":"¿Qué unidad NO estándar sirve para estimar distancias en el aula?","id_materia":1,"valor_estandar":5,"valor_norm":0.0},{"id_pregunta":13,"enunciado":"¿Qué unidad NO estándar sirve para estimar distancias en el aula?","id_materia":1,"valor_estandar":5,"valor_norm":0.0},{"id_pregunta":14,"enunciado":"Si el minutero está en el 12 y la manecilla de la hora en el 4, ¿qué hora es?","id_materia":1,"valor_estandar":5,"valor_norm":0.0},{"id_pregunta":15,"enunciado":"Si el minutero está en el 6 y la manecilla de la hora en el 1, ¿qué hora es?","id_materia":1,"valor_estandar":5,"valor_norm":0.0},{"id_pregunta":16,"enunciado":"¿Cuál enunciado se alinea mejor con el estándar: «Seguimiento de reglas e instrucciones en juegos.»?","id_materia":1,"valor_estandar":5,"valor_norm":0.0},{"id_pregunta":17,"enunciado":"¿Cuál enunciado se alinea mejor con el estándar: «Seguimiento de reglas e instrucciones en juegos.»?","id_materia":1,"valor_estandar":5,"valor_norm":0.0},{"id_pregunta":18,"enunciado":"¿Cuál enunciado se alinea mejor con el estándar: «Seguimiento de reglas e instrucciones en juegos.»?","id_materia":1,"valor_estandar":5,"valor_norm":0.0},{"id_pregunta":19,"enunciado":"¿Cuál de los siguientes pertenece al conjunto de figuras geométricas?","id_materia":1,"valor_estandar":5,"valor_norm":0.0},{"id_pregunta":20,"enunciado":"¿Cuál de los siguientes pertenece al conjunto de figuras geométricas?","id_materia":1,"valor_estandar":5,"valor_norm":0.0},{"id_pregunta":21,"enunciado":"¿Cuál de los siguientes pertenece al conjunto de frutas?","id_materia":1,"valor_estandar":5,"valor_norm":0.0},{"id_pregunta":22,"enunciado":"¿Cuántos lados tiene un triángulo?","id_materia":1,"valor_estandar":5,"valor_norm":0.0},{"id_pregunta":23,"enunciado":"¿Cuántos lados tiene un rectángulo?","id_materia":1,"valor_estandar":5,"valor_norm":0.0},{"id_pregunta":24,"enunciado":"¿Cuántos lados tiene un rectángulo?","id_materia":1,"valor_estandar":5,"valor_norm":0.0},{"id_pregunta":25,"enunciado":"¿Cuántos lados tiene un rectángulo?","id_materia":1,"valor_estandar":5,"valor_norm":0.0},{"id_pregunta":26,"enunciado":"¿Cuántos lados tiene un cuadrado?","id_materia":1,"valor_estandar":5,"valor_norm":0.0},{"id_pregunta":27,"enunciado":"Si un objeto está sobre otro, su posición es...","id_materia":1,"valor_estandar":5,"valor_norm":0.0},{"id_pregunta":28,"enunciado":"¿Cuántos lados tiene un rectángulo?","id_materia":1,"valor_estandar":5,"valor_norm":0.0},{"id_pregunta":29,"enunciado":"Si un objeto está sobre otro, su posición es...","id_materia":1,"valor_estandar":5,"valor_norm":0.0},{"id_pregunta":30,"enunciado":"Si un objeto está sobre otro, su posición es...","id_materia":1,"valor_estandar":5,"valor_norm":0.0},{"id_pregunta":31,"enunciado":"Una línea recta se define como...","id_materia":1,"valor_estandar":5,"valor_norm":0.0},{"id_pregunta":32,"enunciado":"Completa el patrón numérico: 1, 3, 5, 7, __","id_materia":1,"valor_estandar":5,"valor_norm":0.0},{"id_pregunta":33,"enunciado":"Completa el patrón numérico: 9, 14, 19, 24, __","id_materia":1,"valor_estandar":5,"valor_norm":0.0},{"id_pregunta":34,"enunciado":"Completa el patrón numérico: 0, 2, 4, 6, __","id_materia":1,"valor_estandar":5,"valor_norm":0.0},{"id_pregunta":35,"enunciado":"Una línea recta se define como...","id_materia":1,"valor_estandar":5,"valor_norm":0.0},{"id_pregunta":36,"enunciado":"Si tienes monedas de Q0.50, Q0.50 y Q1.00, ¿cuánto dinero tienes en total?","id_materia":1,"valor_estandar":5,"valor_norm":0.0},{"id_pregunta":37,"enunciado":"Una línea recta se define como...","id_materia":1,"valor_estandar":5,"valor_norm":0.0},{"id_pregunta":38,"enunciado":"¿Cuántos lados tiene un rectángulo?","id_materia":1,"valor_estandar":5,"valor_norm":0.0},{"id_pregunta":39,"enunciado":"¿Cuántos lados tiene un círculo?","id_materia":1,"valor_estandar":5,"valor_norm":0.0},{"id_pregunta":40,"enunciado":"En el sistema vigesimal maya, ¿cuál es el valor de una barra?","id_materia":1,"valor_estandar":5,"valor_norm":0.0},{"id_pregunta":41,"enunciado":"Si tienes monedas de Q0.25, Q0.25 y Q0.50, ¿cuánto dinero tienes en total?","id_materia":1,"valor_estandar":5,"valor_norm":0.0},{"id_pregunta":42,"enunciado":"Si tienes monedas de Q0.25, Q0.25 y Q1.00, ¿cuánto dinero tienes en total?","id_materia":1,"valor_estandar":5,"valor_norm":0.0},{"id_pregunta":43,"enunciado":"En el sistema vigesimal maya, ¿cuál es el valor de una barra?","id_materia":1,"valor_estandar":5,"valor_norm":0.0},{"id_pregunta":44,"enunciado":"¿Cuántos lados tiene un rectángulo?","id_materia":1,"valor_estandar":5,"valor_norm":0.0},{"id_pregunta":45,"enunciado":"En la numeración maya, el símbolo de la concha representa el...","id_materia":1,"valor_estandar":5,"valor_norm":0.0},{"id_pregunta":46,"enunciado":"Si un objeto está sobre otro, su posición es...","id_materia":1,"valor_estandar":10,"valor_norm":1.0},{"id_pregunta":47,"enunciado":"Si un objeto está sobre otro, su posición es...","id_materia":1,"valor_estandar":10,"valor_norm":1.0},{"id_pregunta":48,"enunciado":"Si un objeto está sobre otro, su posición es...","id_materia":1,"valor_estandar":10,"valor_norm":1.0},{"id_pregunta":49,"enunciado":"¿Cómo se escribe en palabras el número 13?","id_materia":1,"valor_estandar":10,"valor_norm":1.0},{"id_pregunta":50,"enunciado":"¿Cómo se escribe en palabras el número 54?","id_materia":1,"valor_estandar":10,"valor_norm":1.0},{"id_pregunta":51,"enunciado":"¿Cómo se escribe en palabras el número 65?","id_materia":1,"valor_estandar":10,"valor_norm":1.0},{"id_pregunta":52,"enunciado":"¿Cuántos elementos hay si cuentas 6 objetos?","id_materia":1,"valor_estandar":10,"valor_norm":1.0},{"id_pregunta":53,"enunciado":"Completa: 41 __ 51","id_materia":1,"valor_estandar":10,"valor_norm":1.0},{"id_pregunta":54,"enunciado":"Ordena los números en forma descendente: 45, 33, 43, 35","id_materia":1,"valor_estandar":10,"valor_norm":1.0},{"id_pregunta":55,"enunciado":"¿Qué unidad NO estándar sirve para estimar distancias en el aula?","id_materia":1,"valor_estandar":10,"valor_norm":1.0},{"id_pregunta":56,"enunciado":"¿Qué unidad NO estándar sirve para estimar distancias en el aula?","id_materia":1,"valor_estandar":10,"valor_norm":1.0},{"id_pregunta":57,"enunciado":"Aproximadamente, ¿cuántas semanas tiene un mes?","id_materia":1,"valor_estandar":10,"valor_norm":1.0},{"id_pregunta":58,"enunciado":"Aproximadamente, ¿cuántas semanas tiene un mes?","id_materia":1,"valor_estandar":10,"valor_norm":1.0},{"id_pregunta":59,"enunciado":"¿Cuántos meses tiene un año del calendario gregoriano?","id_materia":1,"valor_estandar":10,"valor_norm":1.0},{"id_pregunta":60,"enunciado":"Si una mesa mide 10 pasos y una banca mide 11 pasos, ¿cuál es más larga según una unidad no estándar?","id_materia":1,"valor_estandar":10,"valor_norm":1.0}]